name,main_category,sub_category,image,link,ratings,no_of_ratings,discount_price,actual_price,discount_price EUR,actual_price EUR,discount_price EUR_1,actual_price EUR_2
"Panasonic 1.5 Ton 5 Star Wi-Fi Inverter Smart Split AC (Copper Condenser, 7 in 1 Convertible with additional AI Mode, 4 Wa...",appliances,Air Conditioners,https://m.media-amazon.com/images/I/61ZzcguzB1L._AC_UL320_.jpg,https://www.amazon.in/Panasonic-Convertible-additional-Purification-CU-NU18YKY5W/dp/B0BRJ1973T/ref=sr_1_19?qid=1679134237&s=kitchen&sr=1-19,4.3,5073,"₹45,990","₹63,400",45990,63400,50589,6974
"Whirlpool 1.5 Ton 5 Star, Flexicool Inverter Split AC (Copper, Convertible 4-in-1 Cooling Mode, HD Filter 2023 Model, S3I3...",appliances,Air Conditioners,https://m.media-amazon.com/images/I/51xzmzjFS7L._AC_UL320_.jpg,https://www.amazon.in/Whirlpool-Flexicool-Inverter-Convertible-Cooling/dp/B0BR5S1PDX/ref=sr_1_37?qid=1679134239&s=kitchen&sr=1-37,4,3604,"₹38,990","₹70,600",38990,70600,42889,7766
"LG 1.5 Ton 5 Star Inverter Split AC (Copper, Super Convertible 5-in-1 Cooling, HD Filter, 2021 Model, MS-Q18WNZA, White)",appliances,Air Conditioners,https://m.media-amazon.com/images/W/IMAGERENDERING_521856-T1/images/I/71EI5Q3gGzL._AC_UL320_.jpg,https://www.amazon.in/LG-Inverter-Convertible-Cooling-MS-Q18WNZA/dp/B08R8XLRR8/ref=sr_1_249?qid=1679134251&s=kitchen&sr=1-249,4.4,3562,"₹53,775","₹67,990",53775,67990,591525,74789
"AmazonBasics 1 Ton 3 Star Split Ac (White, Copper, Anti Corrosion Coating)",appliances,Air Conditioners,https://m.media-amazon.com/images/I/71Z9+rx576L._AC_UL320_.jpg,https://www.amazon.in/AmazonBasics-Split-Copper-corrosion-coating/dp/B0BCGLVSVW/ref=sr_1_81?qid=1679134241&s=kitchen&sr=1-81,3.7,3157,"₹25,990","₹49,000",25990,49000,28589,539
"LG 1.5 Ton 5 Star AI DUAL Inverter Split AC (Copper, Super Convertible 6-in-1 Cooling, HD Filter with Anti-Virus Protectio...",appliances,Air Conditioners,https://m.media-amazon.com/images/I/51JFb7FctDL._AC_UL320_.jpg,https://www.amazon.in/LG-Convertible-Anti-Virus-Protection-RS-Q19YNZE/dp/B0BQ3MXML8/ref=sr_1_5?qid=1679134237&s=kitchen&sr=1-5,4.2,2948,₹46490,"₹75,990",46490,75990,51139,83589
"Blue Star 0.8 Ton 3 Star Inverter Split Ac (Copper, Turbo Cool, Gold Fins, Comfort Sleep, Self Clean Technology, Multi Sen...",appliances,Air Conditioners,https://m.media-amazon.com/images/I/51k0NvUmYLL._AC_UL320_.jpg,https://www.amazon.in/Blue-Star-Inverter-Copper-IC309RBTU/dp/B08L6QX5WC/ref=sr_1_51?qid=1679134239&s=kitchen&sr=1-51,4.2,2722,"₹28,990","₹41,500",28990,41500,31889,4565
"Lloyd 1.5 Ton 3 Star Inverter Split Ac (5 In 1 Convertible, Copper, Anti-Viral + Pm 2.5 Filter, 2023 Model, White, Gls18I3...",appliances,Air Conditioners,https://m.media-amazon.com/images/I/31UISB90sYL._AC_UL320_.jpg,https://www.amazon.in/Lloyd-Inverter-Convertible-Anti-Viral-GLS18I3FWAMC/dp/B0BRKXTSBT/ref=sr_1_4?qid=1679134237&s=kitchen&sr=1-4,4.2,2255,₹32999,₹58990,32999,58990,362989,64889
"Panasonic 1 Ton 5 Star Wi-Fi Inverter Smart Split AC (Copper Condenser, 7 in 1 Convertible with additional AI Mode, 4 Way ...",appliances,Air Conditioners,https://m.media-amazon.com/images/I/61ZzcguzB1L._AC_UL320_.jpg,https://www.amazon.in/Panasonic-Convertible-additional-Purification-CU-NU12YKY5W/dp/B0BRHYBC3D/ref=sr_1_30?qid=1679134237&s=kitchen&sr=1-30,4.3,2178,"₹39,990","₹54,600",39990,54600,43989,6006
"Blue Star 1 Ton Fixed Speed Portable AC (Copper, Anti Bacterial Silver Coating, Self Diagnosis, Comfort Sleep Modes-Auto/C...",appliances,Air Conditioners,https://m.media-amazon.com/images/I/51eMr0B-93L._AC_UL320_.jpg,https://www.amazon.in/Blue-Star-Portable-Copper-PC12DB/dp/B07W6NX7BJ/ref=sr_1_44?qid=1679134239&s=kitchen&sr=1-44,3.4,1866,"₹32,990","₹39,000",32990,39000,36289,429
"Voltas 1.4 Ton 3 Star Inverter Split AC(Copper, Adjustable Cooling, Anti-dust Filter, 2023 Model, 173V Vectra Platina, White)",appliances,Air Conditioners,https://m.media-amazon.com/images/I/41TuyxwZ9mL._AC_UL320_.jpg,https://www.amazon.in/Voltas-Adjustable-173V-Vectra-Platina/dp/B0BRJ7N92P/ref=sr_1_9?qid=1679134237&s=kitchen&sr=1-9,4,1666,"₹31,990","₹70,990",31990,70990,35189,78089
Voltas 1.5 Ton 3 Star Inverter Split AC (Copper 183VADW White),appliances,Air Conditioners,https://m.media-amazon.com/images/W/IMAGERENDERING_521856-T1/images/I/61a2L5aTwAL._AC_UL320_.jpg,https://www.amazon.in/Voltas-Inverter-Split-Copper-183VADW/dp/B07SPWNLK1/ref=sr_1_155?qid=1679134245&s=kitchen&sr=1-155,4.2,1573,"₹35,990","₹55,990",35990,55990,39589,61589
"Lloyd 1.5 Ton 5 Star Inverter Split Ac (5 In 1 Convertible, Copper, Anti-Viral + Pm 2.5 Filter, 2023 Model, White With Chr...",appliances,Air Conditioners,https://m.media-amazon.com/images/I/31IXlxIPsOL._AC_UL320_.jpg,https://www.amazon.in/Lloyd-Inverter-Convertible-Anti-Viral-GLS18I5FWBEV/dp/B0BRKXBRMF/ref=sr_1_11?qid=1679134237&s=kitchen&sr=1-11,4.3,1494,"₹39,990","₹67,990",39990,67990,43989,74789
"Samsung 1.5 Ton 5 Star Inverter Split AC (Copper, Convertible 5-in-1 Cooling Mode, Anti-Bacteria, 2023 Model AR18CYNZABE W...",appliances,Air Conditioners,https://m.media-amazon.com/images/I/51XI2FLjJ4L._AC_UL320_.jpg,https://www.amazon.in/Samsung-Inverter-Convertible-Anti-Bacteria-AR18CYNZABE/dp/B0BRQD9Y92/ref=sr_1_29?qid=1679134239&s=kitchen&sr=1-29,4.1,1444,"₹43,599","₹72,990",43599,72990,479589,80289
"Voltas 1.4 Ton 5 Star Inverter Adjustable Split AC (Copper, 2021 175V ADJ, White)",appliances,Air Conditioners,https://m.media-amazon.com/images/I/41PXFQ1dzaS._AC_UL320_.jpg,https://www.amazon.in/Voltas-Inverter-Adjustable-175V-ADJ/dp/B08TB54NGQ/ref=sr_1_140?qid=1679134244&s=kitchen&sr=1-140,4.3,1295,"₹37,999","₹68,990",37999,68990,417989,75889
"LG 1.0 Ton 5 Star DUAL Inverter Wi-Fi Window AC (Copper, Convertible 4-in-1 cooling, PW-Q12WUZA, 2022 Model, HD Filter, Wh...",appliances,Air Conditioners,https://m.media-amazon.com/images/I/71WuTUFvmUL._AC_UL320_.jpg,https://www.amazon.in/LG-Inverter-Convertible-cooling-PW-Q12WUZA/dp/B09PZ33S3X/ref=sr_1_32?qid=1679134239&s=kitchen&sr=1-32,4.2,1208,"₹32,480","₹75,990",32480,75990,35728,83589
"LG 1 Ton 4 Star Ai Dual Inverter Split Ac (Copper, Super Convertible 6-In-1 Cooling, Hd Filter With Anti Virus Protection,...",appliances,Air Conditioners,https://m.media-amazon.com/images/I/51JFb7FctDL._AC_UL320_.jpg,https://www.amazon.in/LG-Inverter-Convertible-protection-RS-Q13JNYE/dp/B0BPYN9JGF/ref=sr_1_6?qid=1679134237&s=kitchen&sr=1-6,4.2,1206,₹46490,"₹61,990",46490,61990,51139,68189
"AmazonBasics 1.5 Ton 5 Star Inverter Split AC (White, Air Purifier, Copper)",appliances,Air Conditioners,https://m.media-amazon.com/images/I/71Gij6Cos4L._AC_UL320_.jpg,https://www.amazon.in/AmazonBasics-Star-Inverter-Conditioner-LEEL/dp/B07L44L1GP/ref=sr_1_52?qid=1679134240&s=kitchen&sr=1-52,3.7,1195,"₹32,990","₹56,990",32990,56990,36289,62689
"Whirlpool 1.0 Ton 5 Star, Flexicool Inverter Split AC (Copper, Convertible 4-in-1 Cooling Mode, HD Filter 2023 Model, S3I1...",appliances,Air Conditioners,https://m.media-amazon.com/images/I/51xzmzjFS7L._AC_UL320_.jpg,https://www.amazon.in/Whirlpool-Flexicool-Inverter-Convertible-Cooling/dp/B0BR5SZ922/ref=sr_1_59?qid=1679134240&s=kitchen&sr=1-59,4,1183,"₹34,490","₹64,200",34490,64200,37939,7062
"Lloyd 1.0 Ton 3 Star Inverter Split Ac (5 In 1 Convertible, Copper, Anti-Viral + Pm 2.5 Filter, 2023 Model, White With Chr...",appliances,Air Conditioners,https://m.media-amazon.com/images/I/31IXlxIPsOL._AC_UL320_.jpg,https://www.amazon.in/Lloyd-Inverter-Convertible-Anti-Viral-GLS12I3FWAEV/dp/B0BRKX6FD5/ref=sr_1_10?qid=1679134237&s=kitchen&sr=1-10,4.2,1097,"₹29,999","₹49,990",29999,49990,329989,54989
"LG 1.5 Ton 3 Star DUAL Inverter Split AC (Copper, Super Convertible 5-in-1 Cooling, HD Filter with Anti-Virus Protection, ...",appliances,Air Conditioners,https://m.media-amazon.com/images/I/51hbo8yQ1EL._AC_UL320_.jpg,https://www.amazon.in/LG-Convertible-Anti-Virus-Protection-PS-Q19YNXE/dp/B09NS54RPJ/ref=sr_1_105?qid=1679134243&s=kitchen&sr=1-105,4.1,926,"₹38,890","₹55,990",38890,55990,42779,61589
"Whirlpool 1.0 Ton 3 Star, Flexicool Inverter Split AC (Copper, Convertible 4-in-1 Cooling Mode, HD Filter 2023 Model, S3K1...",appliances,Air Conditioners,https://m.media-amazon.com/images/I/51vyGNOskVL._AC_UL320_.jpg,https://www.amazon.in/Whirlpool-Flexicool-Inverter-Convertible-Cooling/dp/B0BR5RST2X/ref=sr_1_36?qid=1679134239&s=kitchen&sr=1-36,3.9,925,"₹29,990","₹57,700",29990,57700,32989,6347
"LG 1.5 Ton 3 Star Inverter Window AC (Copper, 2020 Model, JW-Q18WUXA1, White)",appliances,Air Conditioners,https://m.media-amazon.com/images/W/IMAGERENDERING_521856-T1/images/I/71C1YgTEg4L._AC_UL320_.jpg,https://www.amazon.in/LG-Inverter-Window-JW-Q18WUXA1-Discharge/dp/B082TG8SP1/ref=sr_1_172?qid=1679134245&s=kitchen&sr=1-172,4.2,886,"₹35,590","₹49,990",35590,49990,39149,54989
"Voltas 1.5 Ton, 5 Star, Inverter Split AC(Copper, 4-in-1 Adjustable Mode, Anti-dust Filter, 2023 Model, 185V DAZJ, White)",appliances,Air Conditioners,https://m.media-amazon.com/images/I/51WQ3nWF0vL._AC_UL320_.jpg,https://www.amazon.in/Voltas-Inverter-Split-Conditioner-VOLTAS/dp/B09WDP2DLF/ref=sr_1_16?qid=1679134237&s=kitchen&sr=1-16,4,801,"₹37,999","₹73,990",37999,73990,417989,81389
"Evapolar EvaLIGHT Plus EV-1500 Personal Evaporative Air Cooler and Humidifier/Portable Air Conditioner, Black",appliances,Air Conditioners,https://m.media-amazon.com/images/I/61chBF1Tx0L._AC_UL320_.jpg,https://www.amazon.in/Evapolar-EvaLIGHT-Evaporative-Humidifier-Conditioner/dp/B081LPQJ5Q/ref=sr_1_677?qid=1679134273&s=kitchen&sr=1-677,3.5,774,"₹28,674","₹36,674",28674,36674,315414,403414
"Daikin 1.5 Ton 5 Star Inverter Split AC (Copper, PM 2.5 Filter, 2022 Model, MTKM50U, White)",appliances,Air Conditioners,https://m.media-amazon.com/images/I/41BgAG0qRaL._AC_UL320_.jpg,https://www.amazon.in/Daikin-Inverter-Copper-Filter-MTKM50U/dp/B09R4RYCJ4/ref=sr_1_18?qid=1679134237&s=kitchen&sr=1-18,4.1,730,"₹44,990","₹67,200",44990,67200,49489,7392
"Blue Star 1.5 Ton 3 Star Convertible 4 in 1 Cooling Inverter Split AC (Copper, Multi Sensors, Stabalizer Free Operation, D...",appliances,Air Conditioners,https://m.media-amazon.com/images/I/515BpZfhH1L._AC_UL320_.jpg,https://www.amazon.in/Blue-Star-Inverter-Convertible-IA318FNU/dp/B09RG2SZVX/ref=sr_1_27?qid=1679134237&s=kitchen&sr=1-27,3.9,700,"₹35,990","₹62,250",35990,62250,39589,68475
Panasonic 1 Ton 3 Star Wi-Fi Inverter Split Air Conditioner (White),appliances,Air Conditioners,https://m.media-amazon.com/images/I/51oqlNHOBaL._AC_UL320_.jpg,https://www.amazon.in/Panasonic-Conditioner-Convertible-Anti-Corrosion-CU-SU12XKYWA/dp/B09R3T1QLW/ref=sr_1_58?qid=1679134240&s=kitchen&sr=1-58,4.2,686,"₹32,490","₹48,100",32490,48100,35739,5291
"Carrier 1 Ton 3 Star AI Flexicool Inverter Split AC (Copper, Convertible 4-in-1 Cooling,Dual Filtration with HD & PM 2.5 F...",appliances,Air Conditioners,https://m.media-amazon.com/images/I/51sTXvsanQL._AC_UL320_.jpg,https://www.amazon.in/Carrier-Flexicool-Inverter-Convertible-Filtration/dp/B0BR58HRD2/ref=sr_1_12?qid=1679134237&s=kitchen&sr=1-12,4.1,674,"₹30,990","₹58,190",30990,58190,34089,64009
Voltas 1 Ton 3 Star Window AC (123 Lyi/123 LZF White),appliances,Air Conditioners,https://m.media-amazon.com/images/I/71ovlk0vAwL._AC_UL320_.jpg,https://www.amazon.in/Voltas-Window-123-Lyi-LZF/dp/B00LWRFC1W/ref=sr_1_93?qid=1679134241&s=kitchen&sr=1-93,4.1,655,"₹27,990","₹29,490",27990,29490,30789,32439
"Carrier 1.5 Ton 3 Star Inverter Split AC (Copper,ESTER Dxi, 4-in-1 Flexicool Inverter, 2022 Model,R32,White)",appliances,Air Conditioners,https://m.media-amazon.com/images/I/41lrtqXPiWL._AC_UL320_.jpg,https://www.amazon.in/Carrier-Inverter-Split-Copper-Flexicool/dp/B0B67RLLJC/ref=sr_1_8?qid=1679134237&s=kitchen&sr=1-8,4.1,630,"₹34,490","₹67,790",34490,67790,37939,74569
"Voltas 1 Ton 3 Star Split Air Conditioner with High Ambient Cooling.(123V CZQ, White)",appliances,Air Conditioners,https://m.media-amazon.com/images/W/IMAGERENDERING_521856-T1/images/I/61JiAUPxQ0L._AC_UL320_.jpg,https://www.amazon.in/Voltas-Conditioner-Cooling-123V-CZQ/dp/B097YQPMB5/ref=sr_1_347?qid=1679134256&s=kitchen&sr=1-347,4.3,630,"₹33,490","₹59,990",33490,59990,36839,65989
"LG 1.5 Ton 4 Star DUAL Inverter Split AC (Copper, Super Convertible 5-in-1 Cooling, HD Filter with Anti-Virus Protection, ...",appliances,Air Conditioners,https://m.media-amazon.com/images/I/51hbo8yQ1EL._AC_UL320_.jpg,https://www.amazon.in/LG-Convertible-Anti-Virus-Protection-PS-Q19RNYE/dp/B09NS5Y4BG/ref=sr_1_177?qid=1679134247&s=kitchen&sr=1-177,4.2,622,"₹43,890","₹59,990",43890,59990,48279,65989
"Samsung 1 Ton 3 Star Fixed Speed Split AC (Copper, AR12RG3BAWK, 2022 Model, White)",appliances,Air Conditioners,https://m.media-amazon.com/images/I/619H-udsZyL._AC_UL320_.jpg,https://www.amazon.in/Samsung-Inverter-Split-Copper-AR12RG3BAWK/dp/B08526FXSS/ref=sr_1_294?qid=1679134252&s=kitchen&sr=1-294,4,591,"₹38,811","₹45,990",38811,45990,426921,50589
"Blue Star 1.5 Ton 2 Star Fixed Speed Split AC (Copper, Anti Corrosive Gold Fins, Dry Mode, Eco Mode, Hidden Display, Self ...",appliances,Air Conditioners,https://m.media-amazon.com/images/W/IMAGERENDERING_521856-T1/images/I/51vil7WHiOL._AC_UL320_.jpg,https://www.amazon.in/Blue-Star-Corrosive-Stabiliser-FA218YNU/dp/B0BQVPKT74/ref=sr_1_532?qid=1679134265&s=kitchen&sr=1-532,4.2,581,"₹35,490","₹52,500",35490,52500,39039,5775
"Carrier 1.5 Ton 5 Star AI Flexicool Inverter Split AC (Copper, Convertible 6-in-1 Cooling,Dual Filtration with HD & PM 2.5...",appliances,Air Conditioners,https://m.media-amazon.com/images/I/61JtwWcAcoL._AC_UL320_.jpg,https://www.amazon.in/Carrier-Flexicool-Convertible-Filtration-CAI18ES5R33F0/dp/B0BR59SY4M/ref=sr_1_20?qid=1679134237&s=kitchen&sr=1-20,4,568,"₹41,999","₹78,490",41999,78490,461989,86339
"LG 1.5 Ton 4 Star Inverter Split AC (Copper, Super Convertible 5-in-1 Cooling, HD Filter with Anti-Virus Protection, 2021 ...",appliances,Air Conditioners,https://m.media-amazon.com/images/I/51lyOjfKhML._AC_UL320_.jpg,https://www.amazon.in/LG-Convertible-Anti-Virus-Protection-MS-Q18HNYA1/dp/B08R93PZK5/ref=sr_1_216?qid=1679134248&s=kitchen&sr=1-216,4.4,563,"₹43,890","₹59,990",43890,59990,48279,65989
"Daikin 1 Ton 3 Star Inverter Split AC (Copper, PM 2.5 Filter, Triple Display, Dew Clean Technology, Coanda Airflow, 2023 M...",appliances,Air Conditioners,https://m.media-amazon.com/images/I/51Nff1pJMqL._AC_UL320_.jpg,https://www.amazon.in/Daikin-Inverter-Display-Technology-MTKL35U/dp/B0BK28T4BZ/ref=sr_1_17?qid=1679134237&s=kitchen&sr=1-17,4.2,558,"₹32,990","₹48,200",32990,48200,36289,5302
"LG 1.5 Ton 4 Star Inverter Split AC (Copper, Convertible 5-in-1 Cooling, HD Filter with Anti-Virus Protection, 2021 Model,...",appliances,Air Conditioners,https://m.media-amazon.com/images/W/IMAGERENDERING_521856-T1/images/I/51lyOjfKhML._AC_UL320_.jpg,https://www.amazon.in/LG-Convertible-Anti-Virus-Protection-MS-Q18KNYA1/dp/B08TCFWVQH/ref=sr_1_223?qid=1679134249&s=kitchen&sr=1-223,4.3,542,"₹43,890","₹59,990",43890,59990,48279,65989
"LG 1.5 Ton 2 Star DUAL Inverter Split AC (Copper, Convertible 4-in-1 Cooling, HD Filter with Anti-virus Protection, 2023 M...",appliances,Air Conditioners,https://m.media-amazon.com/images/I/511JKTNA+7L._AC_UL320_.jpg,https://www.amazon.in/LG-Convertible-Anti-virus-Protection-RS-Q18ZNVE/dp/B0BPYKMM2M/ref=sr_1_28?qid=1679134237&s=kitchen&sr=1-28,4,540,"₹33,490","₹62,990",33490,62990,36839,69289
"Daikin 1.5 Ton 3 Star Fixed Speed Split AC (Copper, PM 2.5 Filter, 2022 Model, FTL50U, White)",appliances,Air Conditioners,https://m.media-amazon.com/images/I/410ih0eEMfL._AC_UL320_.jpg,https://www.amazon.in/Daikin-Fixed-Copper-Filter-FTL50U/dp/B09R4QLDWK/ref=sr_1_48?qid=1679134239&s=kitchen&sr=1-48,4.1,536,"₹37,800","₹55,600",37800,55600,4158,6116
"Lloyd 1.0 Ton 3 Star Fixed Speed Window AC (Copper, 2023 Model, White with Silver Deco Strip, GLW12C3XWSEW)",appliances,Air Conditioners,https://m.media-amazon.com/images/I/81qXJbtSA6L._AC_UL320_.jpg,https://www.amazon.in/Lloyd-Window-Copper-Silver-GLW12C3XWSEW/dp/B0BRKXV3MR/ref=sr_1_57?qid=1679134240&s=kitchen&sr=1-57,4,502,"₹25,690","₹43,990",25690,43990,28259,48389
"LG 1.5 Ton 5 Star AI DUAL Inverter Split AC (Copper, Super Convertible 6-in-1 Cooling, HD Filter with Anti-Virus Protectio...",appliances,Air Conditioners,https://m.media-amazon.com/images/W/IMAGERENDERING_521856-T1/images/I/61uVPS3AaWL._AC_UL320_.jpg,https://www.amazon.in/LG-Convertible-Anti-Virus-Protection-PS-Q19WNZE/dp/B09NS6NXB5/ref=sr_1_240?qid=1679134249&s=kitchen&sr=1-240,4.3,485,"₹45,490","₹76,990",45490,76990,50039,84689
"Lloyd 1.5 Ton 5 Star Fixed Speed Window Ac (Copper, 2023 Model, White With Silver Deco Strip, Glw18C5Xwgmr)",appliances,Air Conditioners,https://m.media-amazon.com/images/I/71wnwaJKh9L._AC_UL320_.jpg,https://www.amazon.in/Lloyd-Window-Copper-Silver-GLW18C5XWGMR/dp/B0BRKYDWS5/ref=sr_1_56?qid=1679134240&s=kitchen&sr=1-56,4.2,474,"₹32,999","₹54,990",32999,54990,362989,60489
"Blue Star 1.5 Ton 5 Star Fixed Speed Window AC (Copper, Turbo Cool, Humidity Control, Fan Modes-Auto/High/Medium/Low, Hydr...",appliances,Air Conditioners,https://m.media-amazon.com/images/I/71DSyQO7qHL._AC_UL320_.jpg,https://www.amazon.in/Blue-Star-Window-Copper-WFA518LN/dp/B09RTGPRK7/ref=sr_1_70?qid=1679134240&s=kitchen&sr=1-70,4.2,468,"₹34,990","₹44,500",34990,44500,38489,4895
"Lloyd 1.0 Ton 2 Star Fixed Speed Split AC (Copper, Anti-Viral + PM 2.5 Filter, 2023 Model, White, GLS12C2XWASD)",appliances,Air Conditioners,https://m.media-amazon.com/images/I/41pKfo8B+xL._AC_UL320_.jpg,https://www.amazon.in/Lloyd-Copper-Anti-Viral-Filter-GLS12C2XWASD/dp/B0BRKY7H99/ref=sr_1_77?qid=1679134240&s=kitchen&sr=1-77,3.9,451,"₹27,499","₹46,990",27499,46990,302489,51689
"Panasonic 1.5 Ton 5 Star Wi-Fi Inverter Smart Split AC (Copper, 7 in 1 Convertible with additional AI Mode, 4 Way Swing, n...",appliances,Air Conditioners,https://m.media-amazon.com/images/I/61+j+qGXWeL._AC_UL320_.jpg,https://www.amazon.in/Panasonic-Convertible-additional-Purification-CU-XU18YKY5W/dp/B0BRJFX326/ref=sr_1_109?qid=1679134243&s=kitchen&sr=1-109,4.3,440,"₹49,990","₹72,900",49990,72900,54989,8019
"Godrej 1.5 Ton 5 Star 5-In-1 Convertible, Inverter Split AC (100% Copper, Heavy Duty Cooling at 52°C, 2023 Model,AC 1.5T E...",appliances,Air Conditioners,https://m.media-amazon.com/images/I/51HEnpDyVpL._AC_UL320_.jpg,https://www.amazon.in/Godrej-Convertible-1-5T-18IINV5R32-WWA/dp/B0BP7SY16R/ref=sr_1_24?qid=1679134237&s=kitchen&sr=1-24,4.1,432,"₹37,490","₹54,900",37490,54900,41239,6039
"Panasonic 1.5 Ton 5 Star Window AC (Copper, PM 2.5 Filter, 2022 Model, CW-XN182AM White)",appliances,Air Conditioners,https://m.media-amazon.com/images/I/61p7BMn9H2L._AC_UL320_.jpg,https://www.amazon.in/Panasonic-Window-Copper-Filter-CW-XN182AM/dp/B09RP8GB52/ref=sr_1_133?qid=1679134244&s=kitchen&sr=1-133,4.3,432,"₹31,990","₹44,490",31990,44490,35189,48939
Voltas 1.5 Ton 4 Star Inverter Split AC (Copper 184V SZS White),appliances,Air Conditioners,https://m.media-amazon.com/images/I/61c+FKcFJUL._AC_UL320_.jpg,https://www.amazon.in/Voltas-Inverter-Copper-184V-SZS/dp/B079PYG14J/ref=sr_1_291?qid=1679134252&s=kitchen&sr=1-291,4,430,"₹37,990","₹59,990",37990,59990,41789,65989
"Samsung Convertible 5-in-1 Inverter Split AC AR18AY5YBWK 5.00kW (1.5 Ton) 5 Star, White (AR18AY5YBWKNNA)",appliances,Air Conditioners,https://m.media-amazon.com/images/I/6106URXl+9L._AC_UL320_.jpg,https://www.amazon.in/Samsung-Convertible-Inverter-AR18AY5YBWK-AR18AY5YBWKNNA/dp/B097CHNP1F/ref=sr_1_338?qid=1679134254&s=kitchen&sr=1-338,4.1,416,"₹46,035","₹59,990",46035,59990,506385,65989
"Blue Star 1 Ton 2 Star Fixed Speed Split AC (Copper, Anti Corrosive Gold Fins, Dry Mode, Eco Mode, Hidden Display, Self Di...",appliances,Air Conditioners,https://m.media-amazon.com/images/W/IMAGERENDERING_521856-T1/images/I/51saKJ2crVL._AC_UL320_.jpg,https://www.amazon.in/Blue-Star-Corrosive-Stabiliser-FA212YNU/dp/B0BQRNL6CW/ref=sr_1_533?qid=1679134265&s=kitchen&sr=1-533,4,398,"₹29,990","₹44,250",29990,44250,32989,48675
"Blue Star 1 Ton 5 Star Fixed Speed Window AC (Copper, Turbo Cool, Humidity Control, Fan Modes-Auto/High/Medium/Low, Hydrop...",appliances,Air Conditioners,https://m.media-amazon.com/images/I/71EyEZCnfyL._AC_UL320_.jpg,https://www.amazon.in/Blue-Star-Hydrophilic-Self-Diagnosis-WFA512LN/dp/B0BDMPC6VJ/ref=sr_1_118?qid=1679134243&s=kitchen&sr=1-118,4.3,387,"₹31,500","₹37,000",31500,37000,3465,407
Voltas 1 Ton 3 Star Inverter Split AC (Copper 123VCZTT White),appliances,Air Conditioners,https://m.media-amazon.com/images/W/IMAGERENDERING_521856-T1/images/I/61wWmYdb+3L._AC_UL320_.jpg,https://www.amazon.in/Voltas-Inverter-Split-Copper-123VCZTT/dp/B07PSZKXJ4/ref=sr_1_266?qid=1679134251&s=kitchen&sr=1-266,3.9,373,"₹31,950","₹48,990",31950,48990,35145,53889
"Whirlpool 1.5 Ton 3 Star, Flexicool Inverter Split AC (Copper, Convertible 4-in-1 Cooling Mode, HD Filter 2023 Model, S3K1...",appliances,Air Conditioners,https://m.media-amazon.com/images/I/51vyGNOskVL._AC_UL320_.jpg,https://www.amazon.in/Whirlpool-Flexicool-Inverter-Convertible-Cooling/dp/B0BR5RF5KT/ref=sr_1_21?qid=1679134237&s=kitchen&sr=1-21,3.9,367,"₹31,990","₹62,000",31990,62000,35189,682
"Voltas 1.5 Ton 5 Star, Inverter Window AC (Copper, 2-in-1 Adjustable Mode, 2023 Model, 185V Vertis Elite, White)",appliances,Air Conditioners,https://m.media-amazon.com/images/I/61suRUG6A+L._AC_UL320_.jpg,https://www.amazon.in/Voltas-Adjustable-Inverter-Window-Copper/dp/B0BBFX3S2L/ref=sr_1_30?qid=1679134239&s=kitchen&sr=1-30,3.8,360,"₹36,700","₹49,990",36700,49990,4037,54989
"Godrej 1.5 Ton 3 Star 5-In-1 Convertible, Inverter Split AC (100% Copper,I-Sense, 2023 Model, AC 1.5T EI 18TINV3R32-GWA/AC...",appliances,Air Conditioners,https://m.media-amazon.com/images/I/41kGqW4aeML._AC_UL320_.jpg,https://www.amazon.in/Godrej-Convertible-1-5T-18TINV3R32-GWA-18TINV3R32-GWB/dp/B0BN37L5KM/ref=sr_1_33?qid=1679134239&s=kitchen&sr=1-33,3.9,341,"₹32,490","₹46,900",32490,46900,35739,5159
"Panasonic 1 Ton 3 Star Inverter Split Air Conditioner (Copper, PM 2.5 Air Purification, 2022 Model, CS/CU-RU12XKYA, White)",appliances,Air Conditioners,https://m.media-amazon.com/images/I/61mcsP4PwML._AC_UL320_.jpg,https://www.amazon.in/Panasonic-Conditioner-Purification-CS-CU-RU12XKYA/dp/B09R4DDVQV/ref=sr_1_71?qid=1679134240&s=kitchen&sr=1-71,4.2,317,"₹32,490","₹47,100",32490,47100,35739,5181
"Samsung 1.5 Ton 3 Star Inverter Split AC (Copper, Convertible 5-in-1 Cooling Mode, Easy Filter Plus (Anti-Bacteria), 2023 ...",appliances,Air Conditioners,https://m.media-amazon.com/images/I/51dPET0mdFL._AC_UL320_.jpg,https://www.amazon.in/Samsung-Inverter-Convertible-Anti-Bacteria-AR18CYLZABE/dp/B0BRQCYQHK/ref=sr_1_22?qid=1679134237&s=kitchen&sr=1-22,3.8,312,"₹35,499","₹60,990",35499,60990,390489,67089
"Candy 1.5 Ton 4 Star Dual DC Inverter Split AC (Copper, 2022 Model, C18S4IN-CG, White)",appliances,Air Conditioners,https://m.media-amazon.com/images/I/41+prTKRbSL._AC_UL320_.jpg,https://www.amazon.in/Candy-Inverter-Split-Copper-C18S4IN-CG/dp/B09T4T4596/ref=sr_1_135?qid=1679134244&s=kitchen&sr=1-135,4,312,"₹31,490","₹46,000",31490,46000,34639,506
"LG 1.5 Ton 3 Star Inverter Split AC (Copper, LS-Q18JNXA, White, 4-in-1 Convertible Cooling, 2020 Model)",appliances,Air Conditioners,https://m.media-amazon.com/images/W/IMAGERENDERING_521856-T1/images/I/61oBNxWvthL._AC_UL320_.jpg,https://www.amazon.in/LG-Inverter-LS-Q18JNXA-Convertible-Cooling/dp/B0845F1V5H/ref=sr_1_270?qid=1679134251&s=kitchen&sr=1-270,4.1,312,"₹38,990","₹55,990",38990,55990,42889,61589
"Godrej 1.5 Ton 3 Star Hot & Cold, Inverter Split AC (100% Copper, Anti-Freeze Thermostat, Twin-Rotary Compressor, 2023 Mod...",appliances,Air Conditioners,https://m.media-amazon.com/images/W/IMAGERENDERING_521856-T1/images/I/51cgbmiHDdL._AC_UL320_.jpg,https://www.amazon.in/Godrej-Anti-Freeze-1-5T-SIH-18ITC3-WWR/dp/B0BP817FQT/ref=sr_1_224?qid=1679134249&s=kitchen&sr=1-224,3.9,297,"₹41,990","₹65,900",41990,65900,46189,7249
"Blue Star 1 Ton 3 Star Fixed Speed Window AC (Copper, Turbo Cool, Humidity Control, Fan Modes-Auto/High/Medium/Low, Hydrop...",appliances,Air Conditioners,https://m.media-amazon.com/images/I/715XgfIJDuL._AC_UL320_.jpg,https://www.amazon.in/Blue-Star-Hydrophilic-Self-Diagnosis-WFB312LN/dp/B0BDMT2MXS/ref=sr_1_45?qid=1679134239&s=kitchen&sr=1-45,4,292,"₹26,490","₹33,000",26490,33000,29139,363
Carrier 1.5 Ton 3 Star Inverter Split AC (Copper CAI18EK3R30F0 ESKO NEO-i INVERTER R32 White),appliances,Air Conditioners,https://m.media-amazon.com/images/I/51zMt2XRIgL._AC_UL320_.jpg,https://www.amazon.in/Carrier-Inverter-CAI18EK3R30F0-ESKO-NEO-i/dp/B084XM2CMC/ref=sr_1_315?qid=1679134253&s=kitchen&sr=1-315,4.1,290,"₹32,999","₹51,990",32999,51990,362989,57189
"LG 2.0 Ton 3 Star AI DUAL Inverter Split AC (Copper, Super Convertible 6-in-1 Cooling, 4 Way Swing, HD Filter with Anti-Vi...",appliances,Air Conditioners,https://m.media-amazon.com/images/I/51hbo8yQ1EL._AC_UL320_.jpg,https://www.amazon.in/LG-Convertible-Anti-Virus-Protection-PS-Q24HNXE/dp/B09NS4BRK3/ref=sr_1_195?qid=1679134247&s=kitchen&sr=1-195,4.2,288,"₹57,900","₹85,990",57900,85990,6369,94589
"LG 1 Ton 5 Star AI+ DUAL Inverter Wi-Fi Split AC (Copper, Super Convertible 6-in-1 Cooling, HD Filter with Anti-Virus Prot...",appliances,Air Conditioners,https://m.media-amazon.com/images/I/61eO9hzoLzL._AC_UL320_.jpg,https://www.amazon.in/LG-Convertible-Anti-Virus-Protection-RS-Q14GWZE/dp/B0BQM9HRYK/ref=sr_1_86?qid=1679134241&s=kitchen&sr=1-86,4.3,274,"₹42,490","₹78,990",42490,78990,46739,86889
"Godrej 1 Ton 3 Star Inverter Split Ac Model 2023 (100% Copper,5-In-1 Convertible, Ac 1T Ei 12Tinv3R32-Gwa Split, White)",appliances,Air Conditioners,https://m.media-amazon.com/images/I/41kGqW4aeML._AC_UL320_.jpg,https://www.amazon.in/Godrej-Convertible-Split-AC-12TINV3R32-GWA/dp/B0BN37ZCF7/ref=sr_1_25?qid=1679134237&s=kitchen&sr=1-25,3.9,268,"₹29,490","₹42,900",29490,42900,32439,4719
"Godrej 1.5 Ton 3 Star Inverter Split AC (Copper, 2022 model, 5-in-1 convertible, Nano-Coated anti-viral filter AC 1.5T GIC...",appliances,Air Conditioners,https://m.media-amazon.com/images/I/51pp0iI8MHL._AC_UL320_.jpg,https://www.amazon.in/Godrej-convertible-Nano-Coated-anti-viral-18TTC3-GVA/dp/B09TFKW51W/ref=sr_1_111?qid=1679134243&s=kitchen&sr=1-111,3.8,260,"₹35,750","₹42,900",35750,42900,39325,4719
"Voltas 1.5 Ton 3 Star Non-Inverter Split AC (183DZZ, White)",appliances,Air Conditioners,https://m.media-amazon.com/images/I/61p0mCcuMjL._AC_UL320_.jpg,https://www.amazon.in/Voltas-Split-Copper-183DZZ-White/dp/B07N8FJJHD/ref=sr_1_290?qid=1679134252&s=kitchen&sr=1-290,4,260,"₹37,990","₹51,990",37990,51990,41789,57189
"Blue Star 1 Ton 5 Star Convertible 4 in 1 Cooling Inverter Split AC (Copper, Multi Sensors, Stabalizer Free Operation, Dus...",appliances,Air Conditioners,https://m.media-amazon.com/images/I/51FETwYY9SL._AC_UL320_.jpg,https://www.amazon.in/Blue-Star-Convertible-Stabalizer-IA512YNU/dp/B0BQWFW9RY/ref=sr_1_192?qid=1679134247&s=kitchen&sr=1-192,4.1,259,"₹37,690","₹62,000",37690,62000,41459,682
"LG 1.5 Ton 4 Star AI DUAL Inverter Split AC (Copper, Super Convertible 6-in-1 Cooling, HD Filter with Anti-Virus Protectio...",appliances,Air Conditioners,https://m.media-amazon.com/images/I/51JFb7FctDL._AC_UL320_.jpg,https://www.amazon.in/LG-Convertible-Anti-Virus-Protection-RS-Q19ENYE1/dp/B0BQM6SPBH/ref=sr_1_29?qid=1679134237&s=kitchen&sr=1-29,4,258,"₹42,490","₹71,990",42490,71990,46739,79189
"Whirlpool 2.0 Ton 3 Star, Flexicool Inverter Split AC (Copper, Convertible 4-in-1 Cooling Mode, HD Filter 2023 Model, S3I3...",appliances,Air Conditioners,https://m.media-amazon.com/images/I/51pCXb6xOQL._AC_UL320_.jpg,https://www.amazon.in/Whirlpool-Flexicool-Inverter-Convertible-Cooling/dp/B0BS6ZT18T/ref=sr_1_107?qid=1679134243&s=kitchen&sr=1-107,3.9,258,"₹43,890","₹78,200",43890,78200,48279,8602
"LG 1.5 Ton 4 Star Inverter Split AC (Copper, LS-Q18YNYA, Convertible 4-in-1 Cooling, White)",appliances,Air Conditioners,https://m.media-amazon.com/images/W/IMAGERENDERING_521856-T1/images/I/61oBNxWvthL._AC_UL320_.jpg,https://www.amazon.in/LG-Inverter-LS-Q18YNYA-Convertible-Cooling/dp/B082TG6BGN/ref=sr_1_245?qid=1679134251&s=kitchen&sr=1-245,4.2,255,"₹40,800","₹55,990",40800,55990,4488,61589
"Lloyd 1.5 Ton 2 Star Fixed Speed Split AC (Copper, Anti-Viral + PM 2.5 Filter, 2023 Model, White, GLS18C2XWASS)",appliances,Air Conditioners,https://m.media-amazon.com/images/I/41pKfo8B+xL._AC_UL320_.jpg,https://www.amazon.in/Lloyd-Copper-Anti-Viral-Filter-GLS18C2XWASS/dp/B0BRKY7D8X/ref=sr_1_98?qid=1679134241&s=kitchen&sr=1-98,4.1,234,"₹33,900","₹59,990",33900,59990,3729,65989
"LG 1.5 Ton 3 Star Hot and Cold Inverter Split AC-Ez Clean Filter (Copper, LS-H18VNXD, White)",appliances,Air Conditioners,https://m.media-amazon.com/images/I/41Olm-0esmL._AC_UL320_.jpg,https://www.amazon.in/LG-Inverter-Split-Copper-LS-H18VNXD/dp/B07VQLLTR5/ref=sr_1_191?qid=1679134247&s=kitchen&sr=1-191,4.3,234,"₹44,390","₹55,990",44390,55990,48829,61589
"Samsung 1 Ton 3 Star Wind-Free Technology Inverter Split AC (Copper, Convertible 5-in-1 Cooling Mode, Easy Filter Plus (An...",appliances,Air Conditioners,https://m.media-amazon.com/images/I/71iTRaVQJiL._AC_UL320_.jpg,https://www.amazon.in/Samsung-Technology-Convertible-Anti-Bacteria-AR12CYLAMWK/dp/B0BRQCPCV3/ref=sr_1_102?qid=1679134241&s=kitchen&sr=1-102,4.2,229,"₹34,699","₹52,990",34699,52990,381689,58289
"Haier 1 Ton 3 Star Antibacterial Coating, Dust Filter, Dehumidifier Split System AC (Copper, 2020, HSU12T-TFW3B, White)",appliances,Air Conditioners,https://m.media-amazon.com/images/W/IMAGERENDERING_521856-T1/images/I/51pOTUxBzFL._AC_UL320_.jpg,https://www.amazon.in/Haier-Split-Copper-HSU12T-TFW3B-White/dp/B085P7F3X3/ref=sr_1_253?qid=1679134251&s=kitchen&sr=1-253,4.1,224,"₹29,500","₹49,500",29500,49500,3245,5445
"Carrier 1.5 Ton 3 Star Inverter Split AC (Copper, PM 2.5 Filter, CAI18ES3R30F0, 2021 Model, White)",appliances,Air Conditioners,https://m.media-amazon.com/images/W/IMAGERENDERING_521856-T1/images/I/61U-2N2zoWL._AC_UL320_.jpg,https://www.amazon.in/Carrier-Inverter-Copper-Filter-CAI18ES3R30F0/dp/B08T8JXTHL/ref=sr_1_262?qid=1679134251&s=kitchen&sr=1-262,4.2,218,"₹39,890","₹53,990",39890,53990,43879,59389
"Whirlpool 1.5 Ton 3 Star Split AC (Copper, 1.5T MAGICOOL ELITE PRO 3S COPR, White)",appliances,Air Conditioners,https://m.media-amazon.com/images/I/61FIWqQfW+L._AC_UL320_.jpg,https://www.amazon.in/Whirlpool-1-5T-MAGICOOL-ELITE-COPR/dp/B07QJ68196/ref=sr_1_289?qid=1679134252&s=kitchen&sr=1-289,3.9,213,"₹34,490","₹44,400",34490,44400,37939,4884
"Samsung 1.5 Ton 5 Star Wind-Free Technology Inverter Split AC (Copper, Convertible 5-in-1 Cooling Mode, Anti-bacterial Fil...",appliances,Air Conditioners,https://m.media-amazon.com/images/I/71orowaO-xL._AC_UL320_.jpg,https://www.amazon.in/Samsung-Technology-Convertible-Anti-bacterial-AR18CYNAMWK/dp/B0BRQCKLKR/ref=sr_1_67?qid=1679134240&s=kitchen&sr=1-67,4.1,212,"₹46,499","₹73,990",46499,73990,511489,81389
"Voltas 1 Ton, 4 Star, Inverter Split AC(Copper, 4-in-1 Adjustable Mode, Anti-dust Filter, 2023 Model, 125V DAZP, White)",appliances,Air Conditioners,https://m.media-amazon.com/images/I/51GPGlPhRCL._AC_UL320_.jpg,https://www.amazon.in/Voltas-Invertor-Split-Ton-star/dp/B0B4BPMQGK/ref=sr_1_172?qid=1679134247&s=kitchen&sr=1-172,3.9,209,"₹39,499","₹63,990",39499,63990,434489,70389
"Hitachi 1.5 Ton 3 Star Inverter Split AC (Copper, Dust Filter, 2022 Model, RSQG318HFEOZ1, White)",appliances,Air Conditioners,https://m.media-amazon.com/images/I/41AY1pk5oRL._AC_UL320_.jpg,https://www.amazon.in/Hitachi-Inverter-Copper-Filter-RSQG318HFEOZ1/dp/B09WDSTF8T/ref=sr_1_176?qid=1679134247&s=kitchen&sr=1-176,3.8,207,"₹41,580","₹53,900",41580,53900,45738,5929
"Blue Star 1 Ton 3 Star Convertible 4 in 1 Cooling Inverter Split AC (Copper, Multi Sensors, Stabalizer Free Operation, Dus...",appliances,Air Conditioners,https://m.media-amazon.com/images/I/51FETwYY9SL._AC_UL320_.jpg,https://www.amazon.in/Blue-Star-Convertible-Stabalizer-IA312YNU/dp/B0BQW6V8RZ/ref=sr_1_53?qid=1679134239&s=kitchen&sr=1-53,3.9,202,"₹32,690","₹51,500",32690,51500,35959,5665
"Carrier 1.5 Ton 3 Star Fixed Speed Window AC( Copper,High Density Filter for Dust Filtration, 2Way Air Directional Contro...",appliances,Air Conditioners,https://m.media-amazon.com/images/I/717wB+IneGL._AC_UL320_.jpg,https://www.amazon.in/Carrier-Window-Copper-Directional-Control/dp/B0BDG3RTG5/ref=sr_1_49?qid=1679134239&s=kitchen&sr=1-49,4.3,201,"₹30,990","₹45,090",30990,45090,34089,49599
"LG 1 Ton 3 Star DUAL Inverter Split AC (Copper, Super Convertible 5-in-1 Cooling, HD Filter with Anti-Virus Protection, 20...",appliances,Air Conditioners,https://m.media-amazon.com/images/W/IMAGERENDERING_521856-T1/images/I/51hbo8yQ1EL._AC_UL320_.jpg,https://www.amazon.in/LG-Convertible-Anti-Virus-Protection-PS-Q12YNXE1/dp/B09NS6KFP1/ref=sr_1_167?qid=1679134245&s=kitchen&sr=1-167,4.1,200,"₹37,890","₹75,990",37890,75990,41679,83589
"Hisense 1.0 Ton 5 Star Inverter Split AC (Copper, PM 2.5 Filter, 2022 Model, AS-12TC5RAM0 White)",appliances,Air Conditioners,https://m.media-amazon.com/images/I/51h87m-hf-L._AC_UL320_.jpg,https://www.amazon.in/Hisense-Inverter-Copper-Filter-AS-12TC5RAM0/dp/B09WVMSWVV/ref=sr_1_181?qid=1679134247&s=kitchen&sr=1-181,3.9,192,"₹32,000","₹45,990",32000,45990,352,50589
Voltas 1 Ton 5 Star Inverter Split AC (Copper SAC_125V_DZX White),appliances,Air Conditioners,https://m.media-amazon.com/images/I/516pUFL1qyL._AC_UL320_.jpg,https://www.amazon.in/Voltas-Inverter-Split-Copper-SAC_125V_DZX/dp/B07P155R8P/ref=sr_1_211?qid=1679134248&s=kitchen&sr=1-211,4.1,187,"₹37,999","₹55,990",37999,55990,417989,61589
"Panasonic 1.5 Ton 3 Star Wi-Fi Inverter Smart Split AC (Copper Condenser, 7 in 1 Convertible with additional AI Mode, PM ...",appliances,Air Conditioners,https://m.media-amazon.com/images/I/61PWjQFDtQL._AC_UL320_.jpg,https://www.amazon.in/Panasonic-Convertible-additional-Purification-CU-SU18YKYWT/dp/B0BRJ5QH8G/ref=sr_1_46?qid=1679134239&s=kitchen&sr=1-46,4.2,183,"₹37,990","₹55,400",37990,55400,41789,6094
"Blue Star 0.8 Ton 3 Star Fixed Speed Window AC (Copper, Turbo Cool, Humidity Control, Fan Modes-Auto/High/Medium/Low, Hydr...",appliances,Air Conditioners,https://m.media-amazon.com/images/I/61QqYXeyX6L._AC_UL320_.jpg,https://www.amazon.in/Blue-Star-Hydrophilic-Self-Diagnosis-WFA309GN/dp/B0BDMN6XJ3/ref=sr_1_92?qid=1679134241&s=kitchen&sr=1-92,4.1,178,"₹24,990","₹30,000",24990,30000,27489,330
Voltas Split Inverter AC 1.5 Ton 3 Star (SAC 183V CZQ),appliances,Air Conditioners,https://m.media-amazon.com/images/I/41byRzlmZjL._AC_UL320_.jpg,https://www.amazon.in/Voltas-Split-Inverter-183V-CZQ/dp/B09G391BM1/ref=sr_1_202?qid=1679134248&s=kitchen&sr=1-202,3.7,175,"₹35,550","₹58,990",35550,58990,39105,64889
Voltas 1.5 Ton 5 Star Inverter Window AC (Copper 185V DZA White),appliances,Air Conditioners,https://m.media-amazon.com/images/I/71EGtaLjCkL._AC_UL320_.jpg,https://www.amazon.in/Voltas-Inverter-Window-185V-DZA/dp/B079TF12FZ/ref=sr_1_116?qid=1679134243&s=kitchen&sr=1-116,4.1,172,"₹36,990","₹49,990",36990,49990,40689,54989
"LG 1.5 Ton 3 Star Inverter Split AC (Copper, Convertible 4-in-1 Cooling, HD Filter, 2021 Model, LS-Q18PNXA1, White)",appliances,Air Conditioners,https://m.media-amazon.com/images/W/IMAGERENDERING_521856-T1/images/I/51lyOjfKhML._AC_UL320_.jpg,https://www.amazon.in/LG-Inverter-Convertible-Cooling-LS-Q18PNXA1/dp/B08V4YFFQ2/ref=sr_1_248?qid=1679134251&s=kitchen&sr=1-248,4.3,169,"₹38,890","₹55,490",38890,55490,42779,61039
"Panasonic 2 Ton 3 Star Wi-Fi Inverter Smart Split AC (Copper Condenser, 7 in 1 Convertible with additional AI Mode, PM 0.1...",appliances,Air Conditioners,https://m.media-amazon.com/images/I/61H8BVx7dLL._AC_UL320_.jpg,https://www.amazon.in/Panasonic-Convertible-additional-Purification-CU-SU24YKYWA/dp/B0BRJ6KMGS/ref=sr_1_128?qid=1679134244&s=kitchen&sr=1-128,4.1,158,"₹51,990","₹69,400",51990,69400,57189,7634
Voltas 1 Ton 3 Star Inverter Split AC (Copper 123V CZT White),appliances,Air Conditioners,https://m.media-amazon.com/images/W/IMAGERENDERING_521856-T1/images/I/61WckdwQnbL._AC_UL320_.jpg,https://www.amazon.in/Voltas-Inverter-Copper-123V-CZT/dp/B079YD6PFC/ref=sr_1_227?qid=1679134249&s=kitchen&sr=1-227,4,156,"₹33,990","₹51,990",33990,51990,37389,57189
"Voltas 2 Ton 5 Star, Inverter Split AC(Copper,4-in-1 Adjustable Mode, Anti-dust Filter, 2023 Model, 245V Vectra Plus, White)",appliances,Air Conditioners,https://m.media-amazon.com/images/I/41M7ocgxanL._AC_UL320_.jpg,https://www.amazon.in/Voltas-Adjustable-Inverter-Copper-VECTRA/dp/B0BBFWM5F9/ref=sr_1_78?qid=1679134240&s=kitchen&sr=1-78,4.1,145,"₹57,379","₹93,990",57379,93990,631169,103389
Godrej 1.5 Ton 3 Star Inverter Split AC (Copper GSC 18 AMINV 3 RWQM White),appliances,Air Conditioners,https://m.media-amazon.com/images/W/IMAGERENDERING_521856-T2/images/I/51NaMnmcFjS._AC_UL320_.jpg,https://www.amazon.in/Godrej-GSC-18-AMINV-RWQM/dp/B078GB9RNQ/ref=sr_1_364?qid=1679134257&s=kitchen&sr=1-364,4,145,"₹35,850","₹52,900",35850,52900,39435,5819
"Samsung 1.5 Ton 5 Star Wi-fi Enabled, Wind-Free Technology Inverter Split AC (Copper, Convertible 5-in-1 Cooling Mode, Ant...",appliances,Air Conditioners,https://m.media-amazon.com/images/I/71bYME6CHEL._AC_UL320_.jpg,https://www.amazon.in/Samsung-Technology-Convertible-Anti-Bacteria-AR18CYNANWK/dp/B0BRQB5YBM/ref=sr_1_74?qid=1679134240&s=kitchen&sr=1-74,4.1,142,"₹49,349","₹75,990",49349,75990,542839,83589
"LG 1.5 Ton 5 Star Dual Inverter Split AC (Copper, 2019 Mode, lKS-Q18HNZD , White)",appliances,Air Conditioners,https://m.media-amazon.com/images/W/IMAGERENDERING_521856-T1/images/I/41wxMmCSXqL._AC_UL320_.jpg,https://www.amazon.in/LG-Inverter-Split-Copper-KS-Q18HNZD/dp/B07MYK25X4/ref=sr_1_246?qid=1679134251&s=kitchen&sr=1-246,4.2,142,"₹45,590","₹55,990",45590,55990,50149,61589
"Carrier 1 Ton 3 Star Fixed Speed Split AC (Copper,Auto Cleanser, Economic Sleep Mode, High Density Filter for Dust Filtrat...",appliances,Air Conditioners,https://m.media-amazon.com/images/I/61IET4dPHRL._AC_UL320_.jpg,https://www.amazon.in/Carrier-Split-Copper-ESTER-filter/dp/B0B67S3JH9/ref=sr_1_99?qid=1679134241&s=kitchen&sr=1-99,3.9,134,"₹31,990","₹54,590",31990,54590,35189,60049
"Godrej 1 Ton 5 Star Inverter Split Ac (Copper, 2022 Model, R290 Refrigerant, Twin Rotary Compressor, Ac 1T Gic 12Tgc5 Wua,...",appliances,Air Conditioners,https://m.media-amazon.com/images/W/IMAGERENDERING_521856-T1/images/I/51TMRTxckaL._AC_UL320_.jpg,https://www.amazon.in/Godrej-Inverter-12TGC5-refrigerant-Compressor/dp/B09FLZV82H/ref=sr_1_171?qid=1679134245&s=kitchen&sr=1-171,3.9,121,"₹34,490","₹45,900",34490,45900,37939,5049
,,,,,,,,,,,,
,,,,,,,,,,,,
,,,,,,,,,,,,
,,,,,,,,,,,,
,,,,,,,,,,,,
,,,,,,,,,,,,
,,,,,,,,,,,,
,,,,,,,,,,,,
,,,,,,,,,,,,
,,,,,,,,,,,,
,,,,,,,,,,,,
,,,,,,,,,,,,
,,,,,,,,,,,,
,,,,,,,,,,,,
,,,,,,,,,,,,
,,,,,,,,,,,,
,,,,,,,,,,,,
,,,,,,,,,,,,
,,,,,,,,,,,,
,,,,,,,,,,,,
,,,,,,,,,,,,
,,,,,,,,,,,,
,,,,,,,,,,,,
,,,,,,,,,,,,
,,,,,,,,,,,,
,,,,,,,,,,,,
,,,,,,,,,,,,
,,,,,,,,,,,,
,,,,,,,,,,,,
,,,,,,,,,,,,
,,,,,,,,,,,,
,,,,,,,,,,,,
,,,,,,,,,,,,
,,,,,,,,,,,,
,,,,,,,,,,,,
,,,,,,,,,,,,
,,,,,,,,,,,,
,,,,,,,,,,,,
,,,,,,,,,,,,
,,,,,,,,,,,,
,,,,,,,,,,,,
,,,,,,,,,,,,
,,,,,,,,,,,,
,,,,,,,,,,,,
,,,,,,,,,,,,
,,,,,,,,,,,,
,,,,,,,,,,,,
,,,,,,,,,,,,
,,,,,,,,,,,,
,,,,,,,,,,,,
,,,,,,,,,,,,
,,,,,,,,,,,,
,,,,,,,,,,,,
,,,,,,,,,,,,
,,,,,,,,,,,,
,,,,,,,,,,,,
,,,,,,,,,,,,
,,,,,,,,,,,,
,,,,,,,,,,,,
,,,,,,,,,,,,
,,,,,,,,,,,,
,,,,,,,,,,,,
,,,,,,,,,,,,
,,,,,,,,,,,,
,,,,,,,,,,,,
,,,,,,,,,,,,
,,,,,,,,,,,,
,,,,,,,,,,,,
,,,,,,,,,,,,
,,,,,,,,,,,,
,,,,,,,,,,,,
,,,,,,,,,,,,
,,,,,,,,,,,,
,,,,,,,,,,,,
,,,,,,,,,,,,
,,,,,,,,,,,,
,,,,,,,,,,,,
,,,,,,,,,,,,
,,,,,,,,,,,,
,,,,,,,,,,,,
,,,,,,,,,,,,
,,,,,,,,,,,,
,,,,,,,,,,,,
,,,,,,,,,,,,
,,,,,,,,,,,,
,,,,,,,,,,,,
,,,,,,,,,,,,
,,,,,,,,,,,,
,,,,,,,,,,,,
,,,,,,,,,,,,
,,,,,,,,,,,,
